timestamp,temperature,vibration,pressure,rpm,current,label
2026-02-01 00:00:00,71.47946845094486,1.936263006453931,5.087951604115933,1497.950167184449,11.126570027012816,0
2026-02-01 00:01:00,77.64948125234979,2.322317128221719,5.484871765513192,1533.3052166961577,12.199859941199463,0
2026-02-01 00:02:00,76.9272672522133,2.2449768083286097,1.7989248833850073,1507.1196712679555,11.917721735318851,1
2026-02-01 00:03:00,72.14658865707558,1.619637016374852,4.873984546632171,1465.2976023159529,11.882321311736339,0
2026-02-01 00:04:00,76.00669648962642,2.025943019945682,4.9510199734736124,1465.8778398979732,12.060549214704205,0
2026-02-01 00:05:00,74.39336055229445,1.5932460722713755,5.250365775582682,1489.0638846748843,11.571509165956238,0
2026-02-01 00:06:00,74.61647231396395,1.9622807816177585,5.418781695073859,1538.1241917477935,12.79915865975314,0
2026-02-01 00:07:00,74.71101649590702,1.997259722582521,5.109982691001717,1520.5510620684372,12.182076051779351,0
2026-02-01 00:08:00,71.36129058968041,4.550893423270387,4.610688928574112,1489.795474817282,12.03631748557933,1
2026-02-01 00:09:00,97.68773835756066,4.07917988422161,5.51848521816176,1508.9834420911668,12.637964284736361,1
2026-02-01 00:10:00,72.81594191185673,1.7906166162853705,5.098221818956873,1466.5722516660524,11.270535332521312,0
2026-02-01 00:11:00,75.53105744730517,1.9236725635191372,4.908181295703085,1488.7065528110486,11.94244996207892,0
2026-02-01 00:12:00,75.89142162894555,1.8619977080434114,5.322732696115491,1509.7871826474961,11.136429982151721,0
2026-02-01 00:13:00,73.1687022040663,1.928627170591023,4.821393131730072,1474.3860537753342,11.436294476915666,0
2026-02-01 00:14:00,71.77293655627766,1.945931015319386,4.616555931688598,1441.0012876968128,11.208946059902296,0
2026-02-01 00:15:00,74.55034163159985,2.1142373525952616,5.129013774860492,1468.8506057253467,12.293109122429637,0
2026-02-01 00:16:00,76.68058954870342,2.0358152387033632,5.090613631252208,1530.9000594481322,12.15297954416618,0
2026-02-01 00:17:00,73.72079865988132,2.200406821659484,5.085717763391156,1517.1604121384314,11.713297459288276,0
2026-02-01 00:18:00,71.90282428796765,1.915027615063061,4.86734499462137,1492.3175258993367,11.664146870438321,0
2026-02-01 00:19:00,76.134420917129,1.7574202198060354,5.084691096470709,1476.5421903647004,11.501591909757288,0
2026-02-01 00:20:00,73.3853095838148,2.0631208172225732,5.088197554015827,1469.1241520478047,11.39827088413012,0
2026-02-01 00:21:00,79.39405627033366,2.1954924509128944,5.2701883942659205,1499.0972997225813,12.368527331767206,0
2026-02-01 00:22:00,78.51516156876471,2.039009659989631,5.48395839475812,1533.501470376522,11.882401753076014,0
2026-02-01 00:23:00,76.79171763170663,2.212457123881266,4.710993597621108,1469.1687810806043,12.088019216762708,0
2026-02-01 00:24:00,76.37053988493454,1.8899551115223185,5.057246179381331,1491.5794213489864,12.169329494402183,0
2026-02-01 00:25:00,73.78254716295075,2.0296656718093735,4.379670754380776,1476.9270723748991,12.233282977207425,0
2026-02-01 00:26:00,77.30395102256962,1.9489513297429073,4.781686219078895,1519.2020015378373,11.403802817354173,0
2026-02-01 00:27:00,70.70620578682374,2.064675264078447,4.614075688386317,1481.958433077538,12.435763683914345,0
2026-02-01 00:28:00,79.14199670252354,2.279981450442572,5.092270431386531,1507.4893658841297,12.247219940861495,0
2026-02-01 00:29:00,73.83079443300905,1.8114184048908206,4.551323489999592,1474.2054091257262,11.808578726113195,0
2026-02-01 00:30:00,76.51631158726165,1.9108875055182293,4.94150480952026,1474.4081641586417,11.559672818048977,0
2026-02-01 00:31:00,77.60872172552713,2.109531080106723,5.078959050372967,1465.8484133974416,11.945860965825927,0
2026-02-01 00:32:00,75.48710777294328,2.077283895556941,5.087575258139754,1497.4832245053294,11.184115592943433,0
2026-02-01 00:33:00,99.06751004255139,4.442094809071593,4.967772415573827,1493.1809288258205,11.972381898634701,1
2026-02-01 00:34:00,79.73077134340812,2.32206912472494,5.484019728658221,1534.4318499702597,12.803442465845237,0
2026-02-01 00:35:00,76.24924121737729,2.349282327827603,5.059614316531067,1545.996580254956,11.836945020481423,0
2026-02-01 00:36:00,74.66534635456976,1.9673352172246683,4.702537155550241,1471.6518767049504,11.77418652804731,0
2026-02-01 00:37:00,78.04592058466324,2.181351461054806,5.285638156512675,1550.4967811087217,12.391453350598214,0
2026-02-01 00:38:00,78.32884128351306,2.3821574345277354,5.104560596247104,1777.4303655041767,12.076508056430418,1
2026-02-01 00:39:00,76.63692567676833,2.0659817193902708,5.279050770587182,1554.9466200489462,12.452622839658929,0
2026-02-01 00:40:00,76.73546802696397,2.3009382992502037,5.260638893140732,1531.8866580689303,12.218958443534099,0
2026-02-01 00:41:00,98.0832637081457,1.996978804732454,5.082833373978078,1523.4735476210635,12.580775472631483,1
2026-02-01 00:42:00,74.69291077318856,2.1716836651394877,5.114728327794739,1516.2585593831038,12.014834500743762,0
2026-02-01 00:43:00,76.47165648602088,1.8898881339661056,4.545858539535856,1460.6815214097203,11.4211068178079,0
2026-02-01 00:44:00,72.35622044251538,1.776709021473955,4.653774303643992,1494.2565061262972,12.135109563866687,0
2026-02-01 00:45:00,76.64095363706318,1.780545852945738,5.053762157912681,1511.8905275054078,11.766231867499645,0
2026-02-01 00:46:00,75.67434395080141,2.190120362444506,5.131938651254468,1501.7988641920604,12.16973431730057,0
2026-02-01 00:47:00,75.70718252370958,1.6586167373048932,4.8425119636831235,1533.579699459501,12.633105467809376,0
2026-02-01 00:48:00,75.37402685903679,1.670842889017594,4.481004109318038,1521.618104204855,11.804601225015613,0
2026-02-01 00:49:00,73.4616947505175,1.7240252240394938,4.533246671812984,1504.2910016715427,11.383255992005422,0
2026-02-01 00:50:00,76.29279496019748,2.014630101415985,4.996345215773667,1510.8993565802423,12.121474653668047,0
2026-02-01 00:51:00,80.30522065938538,2.6353954810836773,5.883947181985262,1845.4045350339968,13.9141687842038,1
2026-02-01 00:52:00,87.1973378221012,3.5992483797863253,4.7354560887374415,1494.7240775837217,11.155977054491228,1
2026-02-01 00:53:00,72.166501569468,1.698735696315604,5.160605749703599,1475.9339165819547,11.779673338775611,0
2026-02-01 00:54:00,72.5249481957199,1.7412776878856504,5.185704275498193,1463.544829784382,12.086616353480789,0
2026-02-01 00:55:00,74.87194745010743,1.9339003012980587,4.840179027591474,1434.6715690634387,11.670418025748997,0
2026-02-01 00:56:00,74.84946540604453,1.9392945625927553,4.758895588957614,1480.4034064762045,11.747674447370526,0
2026-02-01 00:57:00,77.02692265947313,2.185415076521081,5.206903144993799,1519.033868121836,12.400572509019877,0
2026-02-01 00:58:00,75.10295211759858,1.8926116608340702,4.856553241660151,1469.6330527560067,12.091512688391283,0
2026-02-01 00:59:00,78.35688725175207,2.063906725455501,5.22744142611373,1491.19083740985,12.283924934791884,0
2026-02-01 01:00:00,72.43390945440535,2.1463214987303565,5.108286020814286,1509.4118750729024,11.726718759877738,0
2026-02-01 01:01:00,54.70744301291013,1.9826085281598862,4.841808354926123,1504.2886249591822,11.96944421782729,1
2026-02-01 01:02:00,77.2056311382551,1.9061080367328798,5.130905748898791,1521.688866162787,11.703011385332616,0
2026-02-01 01:03:00,72.34371813197433,1.8472040411082775,5.1583814792071205,1504.4702093325068,11.813610929686128,0
2026-02-01 01:04:00,72.65778693919648,1.8809973907078372,4.330796971939495,1485.7956788304373,12.137412340211302,0
2026-02-01 01:05:00,76.38979562891012,2.2611946092876285,5.2535609106245795,1529.6997549969901,12.79558209019131,0
2026-02-01 01:06:00,71.0903555188885,1.813944387207434,4.690958698794976,1450.6854022852215,11.509399844592892,0
2026-02-01 01:07:00,72.7435996649347,1.4353858177025618,4.696658797835507,1459.5840769321958,12.309267305833716,0
2026-02-01 01:08:00,74.3355149284254,2.1739022178928162,5.417413540137294,1523.1192876466057,12.469790791595656,0
2026-02-01 01:09:00,75.00052071720731,2.2005633244210485,4.846567427622817,1453.4961323793837,12.066908688276547,0
2026-02-01 01:10:00,77.17957320163487,2.3783056156931472,5.461159596668932,1537.937615327796,12.334379828890874,0
2026-02-01 01:11:00,77.32315832887916,2.1800389219752554,4.8974231705085565,1508.9509095579192,11.890008135489726,0
2026-02-01 01:12:00,99.369304048802,3.867421096535988,5.443581564307227,1525.569631990258,11.805592987926179,1
2026-02-01 01:13:00,74.25117022435964,1.9676593077131606,5.277886283566087,1534.1816826363383,11.84891873729056,0
2026-02-01 01:14:00,75.45983509968204,2.30165531947706,5.4375754682863455,1561.7966214102626,12.61730563961779,0
2026-02-01 01:15:00,76.50447168304039,2.0439560803180017,5.118818295834286,1514.501670065108,12.41401473959318,0
2026-02-01 01:16:00,71.95615209517919,1.888861440865035,5.0287828270800246,1474.153848019746,11.765748894300156,0
2026-02-01 01:17:00,75.09818273285391,2.2369563052781998,5.6080912651980706,1496.6440842031604,11.366391032137614,0
2026-02-01 01:18:00,73.62568106006766,2.232037470901666,4.927425960440695,1470.5239447388512,11.668195044788055,0
2026-02-01 01:19:00,75.87657885697463,2.0277210446753045,4.9718424721732575,1487.770341827591,11.880778878749418,0
2026-02-01 01:20:00,78.35299488440428,2.2350414421705347,5.06092661384992,1497.3324941984538,12.182749620445506,0
2026-02-01 01:21:00,74.3517095135597,1.9003644386235639,5.183415606578026,1526.4881255141033,11.865824566707813,0
2026-02-01 01:22:00,77.05819142035439,2.159966662627345,5.066320605534635,1519.3428553750402,12.015498156359492,0
2026-02-01 01:23:00,78.5569846711201,2.3852944412061796,4.819297703639287,1545.8040545595773,13.003338728179193,0
2026-02-01 01:24:00,98.90779992673355,4.348805359601641,4.991639733912699,1489.1366384979049,11.418504306821877,1
2026-02-01 01:25:00,77.28088690642433,2.2078581333025795,4.556458172616935,1535.970797801169,11.974275072494994,0
2026-02-01 01:26:00,74.95517132967734,1.9339957452617522,4.72280157502597,1488.859764938868,11.54455423611982,0
2026-02-01 01:27:00,76.87723736035169,2.2995500727961087,5.095207775322076,1496.000267911435,13.04340232123364,0
2026-02-01 01:28:00,71.67578621436283,1.8812669630544647,4.782714454771996,1449.0457320034398,10.863366588969459,0
2026-02-01 01:29:00,75.46368839525928,2.3066949099997722,4.629388235496237,1526.80166006816,11.862233295837175,0
2026-02-01 01:30:00,50.95538759787692,1.6844868069669297,4.485289164075542,1488.9106343848073,11.42268842772097,1
2026-02-01 01:31:00,72.27966358107172,2.024357252636203,4.695775493415446,1447.5079145810287,10.968171104405572,0
2026-02-01 01:32:00,72.67964159847463,1.7660031813900652,5.07530730062262,1521.3722586227639,12.713580559108856,0
2026-02-01 01:33:00,71.38923667849495,1.9509722428431822,4.157468746605933,1438.081148903427,12.268394868482845,0
2026-02-01 01:34:00,75.24989041645638,2.198245560026126,4.831772725012062,1509.5811061300128,12.5420631091239,0
2026-02-01 01:35:00,75.21361861998638,2.0298379697678737,5.163951146452791,1491.916164525752,12.164303484964178,0
2026-02-01 01:36:00,75.12766302966094,1.9542041499955054,5.000789409231248,1518.9978690923874,12.320904357915884,0
2026-02-01 01:37:00,71.91220925344955,1.8021838527133731,4.401837825267739,1438.687988554972,11.554300010953984,0
2026-02-01 01:38:00,75.12576904828389,1.8705140149150492,5.0208597203118215,1488.4140012243656,12.216367249696214,0
2026-02-01 01:39:00,75.51751619686596,2.1315722796070093,5.023201710330331,1498.0283939057836,12.178111253171696,0
2026-02-01 01:40:00,74.14116927707441,1.8492208471876086,4.9645351959811395,1460.0700562192005,12.063135643953,0
2026-02-01 01:41:00,76.31019386092015,1.9912537668771237,4.851801912228234,1533.0403740271527,12.26307280705551,0
2026-02-01 01:42:00,75.50783213922345,1.90497933372055,4.987918093296543,1489.5899301825657,11.884379264166643,0
2026-02-01 01:43:00,72.74189934242237,2.1574233484063496,5.157928040337988,1478.8607736210704,12.545393807767956,0
2026-02-01 01:44:00,70.65899614293006,2.262159496821768,4.886866920724062,1512.6650168534431,12.714200571535606,0
2026-02-01 01:45:00,75.55798771901334,2.1480093714400628,5.146007330694345,1516.0596552666707,12.172194741128123,0
2026-02-01 01:46:00,76.28057478270502,2.0288819516266434,4.692095005637577,1476.6681000602587,11.253717015866243,0
2026-02-01 01:47:00,72.13012646558938,1.9108787316437084,4.7950415966935225,1516.7816316564245,11.833426619790485,0
2026-02-01 01:48:00,75.30434669305257,1.835270069579945,5.05092223063663,1511.9677475269768,12.187819687035494,0
2026-02-01 01:49:00,77.01534807276225,2.219320407731342,5.432363440682157,1485.3082692516582,12.832336633919349,0
2026-02-01 01:50:00,77.62945793540223,1.8928139141388423,4.959223149770248,1480.6750511837088,11.860326708761512,0
2026-02-01 01:51:00,75.00736180789933,2.1678487429165885,4.791566740676407,1498.8815780307439,11.655772563263412,0
2026-02-01 01:52:00,75.24241425330517,2.1124039745666594,5.191737620083961,1509.5256659724573,12.33580406636611,0
2026-02-01 01:53:00,77.64620513030826,1.9800723596773107,4.93550367776626,1506.414898652807,12.051603786348704,0
2026-02-01 01:54:00,74.75155891808797,2.1508529928051927,5.117342517544066,1529.954956051256,12.196294211603748,0
2026-02-01 01:55:00,78.85626899425404,2.6807355613072428,5.5580309482689465,1544.1092418594155,13.001422480242951,0
2026-02-01 01:56:00,73.8452591389507,2.0903885382308682,4.707120771094334,1493.3553370230602,11.79415841861956,0
2026-02-01 01:57:00,70.8544252129503,1.7439862555995367,4.79032382975881,1483.7172593937278,11.692636202660427,0
2026-02-01 01:58:00,73.06135184597498,2.0799109815544288,5.094544685545916,1507.4469825606272,12.273199022821604,0
2026-02-01 01:59:00,72.96378416749612,2.0201356533970545,4.80926086147507,1533.1886927356572,13.04055838299127,0
2026-02-01 02:00:00,76.1872688459628,2.119361124811837,5.35656121422372,1523.4577915279165,11.946307128469677,0
2026-02-01 02:01:00,75.26425196671791,4.904364650549893,4.578153287819956,1516.1967871577067,11.639685827180015,1
2026-02-01 02:02:00,75.34626096164443,2.3702289623273542,5.3556990156497655,1534.9772891125408,12.01965388474178,0
2026-02-01 02:03:00,77.2475046580229,1.9610739859242243,4.656058062585022,1470.8521358089781,12.090566944001884,0
2026-02-01 02:04:00,76.19580540615101,1.9347493040031658,4.933688291208583,1496.6092864963912,12.120434171294713,0
2026-02-01 02:05:00,76.12066740692312,2.393465225319602,5.4575511174804525,1522.364457943402,12.47506650020261,0
2026-02-01 02:06:00,77.14062146834247,1.8174087975446391,5.094273101320942,1479.2216311890393,12.044223951074944,0
2026-02-01 02:07:00,75.36485261866284,1.9883034665205772,4.602951058765919,1472.9270769020068,11.700020925702079,0
2026-02-01 02:08:00,82.43449756044059,2.2400969943402096,5.596099251458983,1555.2399256620681,11.68105547820739,0
2026-02-01 02:09:00,71.11884236057358,1.9832477637061925,4.669489657827751,1516.218662186902,12.430307361867015,0
2026-02-01 02:10:00,70.30650711247448,2.068202616984186,4.891102862108924,1466.094322813877,10.996347901336334,0
2026-02-01 02:11:00,99.98836458263057,4.411233079228715,4.777379257593403,1506.8390879766318,11.323384284605158,1
2026-02-01 02:12:00,72.50888602468675,2.0554928771766448,4.775934005307573,1499.2320187366338,11.448492806895814,0
2026-02-01 02:13:00,78.4701358133178,2.213257023971125,5.481765433021594,1574.2490691541193,12.434617644747396,0
2026-02-01 02:14:00,74.97308377745547,1.8758335963909283,5.223763057936471,1495.1685786512621,11.748664015585392,0
2026-02-01 02:15:00,75.26241189683195,1.7458689091644033,4.885929722591856,1461.9713761767593,12.102795202736974,0
2026-02-01 02:16:00,74.03014431430454,2.0422276898561695,5.117040410018214,1527.7981970340652,11.196050971454339,0
2026-02-01 02:17:00,75.51569682861302,1.975511181189197,4.502729588684974,1490.3550029060568,12.044542762463998,0
2026-02-01 02:18:00,76.25930219170166,2.0977570300686397,5.378315672288273,1501.431001196674,12.215527393293643,0
2026-02-01 02:19:00,71.52899034309337,1.6094503696201785,4.7975242589869715,1461.328090586868,11.785638644066772,0
2026-02-01 02:20:00,74.41688306136588,2.0706460202591686,4.980346861323755,1477.3221846930164,11.528274612770412,0
2026-02-01 02:21:00,78.01404245770728,2.473290278835526,5.1498548580106505,1509.7543035874353,13.0789096832924,0
2026-02-01 02:22:00,71.33378364205116,1.7686476803638917,4.797299004109561,1482.6108089232812,11.19416320150293,0
2026-02-01 02:23:00,73.24120443399107,2.1760195222864205,4.825489668988136,1512.1637463774646,12.176534736030522,0
2026-02-01 02:24:00,75.08179077050441,2.1453265926080904,5.304501726934079,1745.2727681830002,12.489589159463808,1
2026-02-01 02:25:00,73.57786935838385,2.039541463684222,5.001280741636602,1523.6551034023776,12.77133542600772,0
2026-02-01 02:26:00,74.17577847380723,1.9403760770343368,4.945195576502994,1498.2307506201319,11.951217327542551,0
2026-02-01 02:27:00,78.06433544908542,2.2581674109139644,4.872545847748425,1509.7655980067932,12.493423064278161,0
2026-02-01 02:28:00,75.56151891418347,1.814997138455452,4.6976789738180695,1504.4951631895265,11.81335396645174,0
2026-02-01 02:29:00,72.58351943765595,2.010934364026653,4.776862929033004,1510.3917781784946,11.463467725234468,0
2026-02-01 02:30:00,77.56819442552242,2.142579638423217,5.431744848845893,1554.215338811312,12.788033448198926,0
2026-02-01 02:31:00,75.38028362712959,2.2000730222275275,5.103718094405254,1518.4269794840336,12.64239574698861,0
2026-02-01 02:32:00,75.88873759333373,2.05822091791879,4.820805368142903,1528.1859656398226,12.22289541466366,0
2026-02-01 02:33:00,96.25239666341949,4.364499731484292,5.409295282467347,1529.7818990644914,12.436495429444234,1
2026-02-01 02:34:00,77.60130424733073,2.6472590200252784,5.394305897265267,1566.6226826025113,13.659210967304716,0
2026-02-01 02:35:00,73.36706333421657,1.914960931868825,4.999618492908822,1517.8705110979145,11.887648010736706,0
2026-02-01 02:36:00,70.93475264449104,1.958364506530616,5.065175979176406,1493.463455385746,12.561406338507766,0
2026-02-01 02:37:00,74.99416704090153,2.166104489070269,4.95551843063683,1482.516070898057,12.785158063636848,0
2026-02-01 02:38:00,76.6949546264709,2.285618362030686,5.447354898715567,1516.7419748395232,12.065942557082286,0
2026-02-01 02:39:00,72.2796680857665,1.8856313971208365,4.519407063393805,1482.4440336768128,11.428222608930922,0
2026-02-01 02:40:00,78.87172789474428,2.383066620209234,5.400135651238319,1526.5991819323085,12.786912826732541,0
2026-02-01 02:41:00,70.16127220490169,1.8229961014773075,7.62073047054739,1468.7903660002287,11.177722264116316,1
2026-02-01 02:42:00,72.45544845934916,1.8323989059264574,4.5477782790961,1480.284870289593,11.040227194535927,0
2026-02-01 02:43:00,76.37376804658778,1.8123870813499972,5.200870590571852,1544.8717083886534,12.296604885273618,0
2026-02-01 02:44:00,77.88656814828818,1.7411397931451236,4.963343617684298,1507.8530756799148,12.018607942308337,0
2026-02-01 02:45:00,75.00144955682453,1.8710818221153576,4.581034966046497,1493.648126321027,12.021257348896125,0
2026-02-01 02:46:00,73.07516045061165,2.0985836553253883,4.684387241478152,1479.5329012116215,11.666629460264698,0
2026-02-01 02:47:00,74.40654239427401,2.225277144654579,5.521849084555913,1487.4076197727243,12.579817020058927,0
2026-02-01 02:48:00,74.1495154441153,2.1802529850914754,4.772151350777473,1479.8796026073503,11.678110503960756,0
2026-02-01 02:49:00,75.2663142824089,2.072819248558381,4.978095545216743,1505.5777047636677,12.530365589931646,0
2026-02-01 02:50:00,72.61704981894162,1.6644452716957365,4.83896965824923,1514.1094936459915,11.46764940176265,0
2026-02-01 02:51:00,74.49995919049223,1.9188328213945332,4.622848258324583,1469.4885754349875,11.422149270954161,0
2026-02-01 02:52:00,75.0753607030673,1.956420633228833,4.489802911705136,1509.3566892786278,11.923427600046665,0
2026-02-01 02:53:00,74.34242725858549,2.061476496370167,5.136930397349868,1488.8338666164655,11.594651306149075,0
2026-02-01 02:54:00,78.12197027914735,2.050349782479113,5.214620026225897,1516.7472274451416,12.856327184527334,0
2026-02-01 02:55:00,75.22047860627278,1.926955711693371,5.297349501179826,1519.0645341075326,12.095835037755908,0
2026-02-01 02:56:00,75.20033683075542,2.1369479254632586,5.10301540997458,1528.3432211871961,12.307366322246551,0
2026-02-01 02:57:00,70.99903919933296,1.9589449671281065,4.536500215183578,1474.6185745209007,11.712604191055803,0
2026-02-01 02:58:00,74.92835449063358,1.7274692888429262,5.025008952631142,1442.04953474262,12.32820264864694,0
2026-02-01 02:59:00,76.17014907088702,2.3057433783689243,5.262866988726886,1491.2280220105017,11.766796340193544,0
2026-02-01 03:00:00,74.41556573522341,2.0238716919441266,4.838519396016362,1505.8378469721342,11.860629237406233,0
2026-02-01 03:01:00,74.6418229589398,2.3652880564744705,5.023155323926182,1545.9332720171415,13.308624232385668,0
2026-02-01 03:02:00,75.5427616395655,2.0063934158250047,5.02073044620492,1484.5717604731808,12.021660967624436,0
2026-02-01 03:03:00,74.54091826304291,1.7929819901121118,5.013274245933663,1521.0270516330688,12.476821653031068,0
2026-02-01 03:04:00,95.92795487030423,3.4814150425327894,4.820390984665818,1476.0688999945075,11.887902009401591,1
2026-02-01 03:05:00,73.22239891566397,1.9415973610308757,4.484958603922411,1476.8166440630043,11.350073865045516,0
2026-02-01 03:06:00,75.8434051903591,1.916677922435843,5.43829811455319,1460.447405076835,12.102385157031021,0
2026-02-01 03:07:00,77.09791925754551,1.7585484519567194,4.9358209817064695,1542.599448700118,11.902137718972332,0
2026-02-01 03:08:00,74.16143477420825,1.6568930734012715,4.9536766337005815,1496.7933960918515,11.595312958209616,0
2026-02-01 03:09:00,73.05067293569671,1.9770220075936522,4.585502056495686,1515.8998919305666,11.337051958918726,0
2026-02-01 03:10:00,76.7772692375422,2.3195793439589214,5.02370327518966,1529.566834018679,12.247367102223778,0
2026-02-01 03:11:00,74.54239535166113,2.1031114726093296,4.978939174526437,1515.4229141528992,12.050458523624842,0
2026-02-01 03:12:00,98.67965671260757,4.961674515914746,5.5727952718743525,1504.7618163457382,11.817134841025076,1
2026-02-01 03:13:00,76.64992081005654,2.178357349013951,4.913675211721098,1496.3576148800623,12.12746143230463,0
2026-02-01 03:14:00,74.5231018287853,1.8188817952145866,5.10500165308611,1528.678941690809,11.103515851395,0
2026-02-01 03:15:00,94.46344463985332,3.0802570616269005,4.703616672478721,1448.645445342377,10.679923605024092,1
2026-02-01 03:16:00,72.57458875322676,1.8097774516549043,4.562842561386037,1476.6090041998739,11.557298412092512,0
2026-02-01 03:17:00,77.052247680349,2.105269641955644,5.00590344516588,1514.2326772355198,12.523972393572048,0
2026-02-01 03:18:00,76.60869610166594,2.1491848770129085,5.034685875404313,1513.2407203821451,12.122930852455413,0
2026-02-01 03:19:00,73.69353474268563,2.0267477071057427,4.697222991044833,1489.0157151361468,11.223893825983215,0
2026-02-01 03:20:00,75.51614229698582,2.033975671174335,4.665487139089691,1476.258733434012,11.249192099932452,0
2026-02-01 03:21:00,76.02830254515348,2.1446340369055363,5.07827859930798,1510.0331200555363,12.157689355292655,0
2026-02-01 03:22:00,74.33388311634658,2.143376699861615,4.9737089157389685,1483.252135532741,11.816380080752978,0
2026-02-01 03:23:00,76.3735175378072,1.8079842787950275,4.235764805236016,1493.535059183629,11.870950748680105,0
2026-02-01 03:24:00,76.31697554590706,1.816434091225719,5.24135783843507,1518.9698735157815,12.40014735082761,0
2026-02-01 03:25:00,72.95005400050876,1.7215966223160717,4.571759073674697,1420.1737481475714,12.066924615419953,0
2026-02-01 03:26:00,56.04207231835012,1.9055161519795056,4.9320243429456845,1503.7209560267718,11.934242862971091,1
2026-02-01 03:27:00,74.91548109924483,1.8860173832893812,5.095314439699375,1483.7490927434285,12.525666809054957,0
2026-02-01 03:28:00,74.35789385046759,2.017182749176153,4.691851759891285,1513.6085059825243,11.942618413958845,0
2026-02-01 03:29:00,76.52154318297148,2.4674022855992472,5.407967716258264,1546.0205364556423,12.849665742852386,0
2026-02-01 03:30:00,75.27073161447596,2.0223964349776318,5.0663129399206674,1474.1633950677149,12.465610431908566,0
2026-02-01 03:31:00,74.53627158274186,1.93208636095829,4.79253088197756,1484.8953579797649,12.207577243798058,0
2026-02-01 03:32:00,95.79432944696454,4.608860310911002,5.54680741503194,1559.039416258707,12.851779616785253,1
2026-02-01 03:33:00,75.6652704250171,2.074468663356279,4.6835124847415575,1479.716638023838,10.970106949297513,0
2026-02-01 03:34:00,73.36441781424136,1.5125150404758005,4.721771684451483,1449.9464598236411,11.204786974687728,0
2026-02-01 03:35:00,77.36774866876931,2.1676300428879083,5.781331349313695,1547.3125094744569,12.733919996891709,0
2026-02-01 03:36:00,73.61882855538991,1.9520727543930523,4.9851183787868285,1488.0405403463208,11.275232096283188,0
2026-02-01 03:37:00,74.70338544684724,2.0085960780819736,4.716159715846466,1474.09033074572,12.181262525394615,0
2026-02-01 03:38:00,74.52991165110052,2.2655206915310337,4.981713544559953,1522.7946249445556,12.058291591991646,0
2026-02-01 03:39:00,72.77536700209079,1.9619238406764945,5.018463148844683,1492.5853578102988,12.500927256734604,0
2026-02-01 03:40:00,77.45023701386819,2.019556356297952,5.00799876045906,1553.3622108439286,12.598089026747717,0
2026-02-01 03:41:00,76.38144791802874,1.9243488234180721,5.236207380920307,1511.2782195164257,12.486967799423061,0
2026-02-01 03:42:00,74.5295812291876,1.9820764468353222,5.009267580259286,1522.4570618839018,11.35135567666679,0
2026-02-01 03:43:00,74.28175868590685,1.8562207939611608,4.649004191231155,1454.3987873644444,10.92302689842532,0
2026-02-01 03:44:00,73.44782264379815,1.9613956395602326,4.580968274487086,1536.6212349091056,12.2988200029263,0
2026-02-01 03:45:00,77.00900468077926,2.071751059943761,5.1590855080300555,1499.3990111898318,11.787266282777855,0
2026-02-01 03:46:00,75.08506741700766,2.1123794799519975,4.840387782684555,1450.6409109616798,11.74804879711472,0
2026-02-01 03:47:00,74.80461430366317,2.2217716985912017,5.21418647707904,1527.8692009231622,12.938559575655757,0
2026-02-01 03:48:00,76.57738050401015,1.9292813252914505,5.432456574202285,1484.395051461333,12.313523944385866,0
2026-02-01 03:49:00,73.80862419946152,2.0276906007221407,5.028314785524993,1531.883762506315,12.644963553426054,0
2026-02-01 03:50:00,74.20303270438203,2.215995178121041,5.258052680602647,1548.8377621893057,12.551051743326475,0
2026-02-01 03:51:00,71.42012433290911,2.148337345585431,4.726802244817187,1503.8842621343804,12.061030772530067,0
2026-02-01 03:52:00,75.56458631302961,2.057950060328212,5.137354096551473,1500.2478522297963,12.507025926905932,0
2026-02-01 03:53:00,74.53704525259492,2.1119453217649253,5.27619387834365,1536.866553152039,13.009744763216643,0
2026-02-01 03:54:00,73.57602642376591,2.0378609474691824,5.019157339172692,1531.6630366105023,11.702414067665773,0
2026-02-01 03:55:00,76.7843587956536,2.157011604766145,4.809522491573488,1518.5119238022887,12.32536102648183,0
2026-02-01 03:56:00,74.88271436879276,1.7902828095478942,5.266009931012722,1490.6511455527,11.729506309510716,0
2026-02-01 03:57:00,101.94424177984338,4.287320763629938,5.053312838227592,1505.0822931611992,12.097663492814005,1
2026-02-01 03:58:00,79.2612273121947,1.9470010056593154,5.177156828688332,1505.450262612914,12.749271759460619,0
2026-02-01 03:59:00,76.56445129447619,2.0844805248196856,4.8108745856064346,1514.8747907642482,11.851011254188677,0
2026-02-01 04:00:00,78.2495719659228,2.087849221999801,4.970196401372234,1510.5377397305313,11.41098447286495,0
2026-02-01 04:01:00,71.53509081880748,2.0492115342162114,4.480865011779807,1459.7692130824998,11.883127066054731,0
2026-02-01 04:02:00,76.07380013317645,2.3763625072875723,4.865064542715783,1528.8751925648196,12.947996765809181,0
2026-02-01 04:03:00,75.13701042933872,2.008542444629376,4.962306101464182,1497.8150629125118,12.02318194273907,0
2026-02-01 04:04:00,75.10222256541152,1.7440728841236048,4.729696264457223,1498.2787598827683,11.477582901819163,0
2026-02-01 04:05:00,76.43490013529407,2.1086503573528375,5.149569778322736,1510.972174489538,12.608577279384695,0
2026-02-01 04:06:00,78.77744523129124,2.1034887746250512,5.091151312086789,1549.7436755249082,12.262428752926947,0
2026-02-01 04:07:00,75.14959252720821,2.3501925182536163,4.927902104712928,1534.5073794337595,11.938393670372475,0
2026-02-01 04:08:00,72.7849773236035,1.95567828858139,4.726437447297543,1463.0101457728363,12.000769381247796,0
2026-02-01 04:09:00,73.85916824247145,1.9356353816205067,4.7895847539328456,1472.591639936345,19.008621393222356,1
2026-02-01 04:10:00,74.72127607589063,1.9710564701841953,5.202937007625456,1473.97960821147,12.543822059593895,0
2026-02-01 04:11:00,77.10366943214314,1.9342890643944284,5.014708698508621,1522.3381688922545,12.754364446295977,0
2026-02-01 04:12:00,73.15109050023698,2.0170998199925974,4.778038438208715,1504.2184999076997,11.1753417493082,0
2026-02-01 04:13:00,73.12685189075376,1.730069764107442,4.863485272504681,1472.917792838862,12.002863878901488,0
2026-02-01 04:14:00,74.51493161781802,2.2657718940272837,4.865452670333992,1508.0526376297419,11.919168730109623,0
2026-02-01 04:15:00,97.84939207076738,4.921368256792743,5.1341198399587,1510.7473952149107,12.418796889520317,1
2026-02-01 04:16:00,72.82323620642325,1.8767350476538183,5.260392763752468,1521.0898519938041,11.919178201161696,0
2026-02-01 04:17:00,72.15670583041138,1.7770751764627577,5.376124615262766,1485.9402036802917,11.782942548033766,0
2026-02-01 04:18:00,75.57012449464244,2.0458644945951154,5.11908294867056,1506.278401327876,11.94442027227082,0
2026-02-01 04:19:00,74.62558920617909,2.323214931819527,5.240114838254113,1480.683107794918,11.722604544173262,0
2026-02-01 04:20:00,73.35105659442448,1.851411452066786,5.094062806115163,1488.295233327113,10.976483586290149,0
2026-02-01 04:21:00,74.34691767398805,1.7439714135288833,4.8460060237201805,1505.5890574720665,12.12698636679849,0
2026-02-01 04:22:00,73.8463091165106,1.6877427380615313,4.61296407908362,1493.816458805995,12.064974256404366,0
2026-02-01 04:23:00,76.85202248561322,2.1726435960080024,4.9463357228146965,1509.7943016063066,12.272061077321903,0
2026-02-01 04:24:00,73.41815821858683,1.630106076051014,4.71609202796683,1441.8620912796387,11.226051571060655,0
2026-02-01 04:25:00,72.99028802150112,1.8643102284582531,4.979392797056785,1455.8314790148868,11.685288747360211,0
2026-02-01 04:26:00,76.43024514135237,1.7107422705747786,5.024456620719962,1468.9519164271749,12.055838881730592,0
2026-02-01 04:27:00,74.4779560078277,2.0443981302497822,5.037132114359877,1485.250138151068,13.147799009959133,0
2026-02-01 04:28:00,70.95927280577216,1.765783520788919,4.656349852007685,1454.392137905209,9.790182848279755,0
2026-02-01 04:29:00,74.14107219913939,1.8273858416600826,4.827904416944434,1463.44498228283,11.188345335566286,0
2026-02-01 04:30:00,73.55707936112965,1.6975807158706089,4.869135078559922,1468.2164783138473,11.923319899726325,0
2026-02-01 04:31:00,77.30675907912737,2.23079217319006,5.185359195530957,1531.6431959694864,12.32369313259842,0
2026-02-01 04:32:00,75.4717105521259,2.0538357921467982,5.180112356979646,1526.861879655164,11.531299382050086,0
2026-02-01 04:33:00,73.63420889828281,2.01869037814912,4.546931152605835,1449.94367390069,10.8773629332539,0
2026-02-01 04:34:00,73.80343452237759,2.2293195347380257,5.131781006772618,1490.0289142891713,11.944445174407601,0
2026-02-01 04:35:00,76.71061266247408,2.07117546042409,5.134936298638003,1485.3450907767387,11.832434862538046,0
2026-02-01 04:36:00,78.48887383312913,2.233298628803949,5.076859083932941,1544.224874503349,12.05811578762041,0
2026-02-01 04:37:00,75.92100252799608,2.163317183958379,5.1134264077087925,1525.7480570373307,12.261447976836775,0
2026-02-01 04:38:00,73.0860660789769,1.9517670176018644,4.891924725825408,1482.2432510923147,11.669887534744044,0
2026-02-01 04:39:00,74.3994142886123,1.8459948598038707,5.0969112472783715,1534.3756698633297,11.200121585176595,0
2026-02-01 04:40:00,72.44376447471689,1.8345128872198582,5.073002319118947,1525.6395372633879,11.035628593148209,0
2026-02-01 04:41:00,74.53465298969434,2.0074409962706894,4.935817857283859,1489.0794485481129,12.01177660557295,0
2026-02-01 04:42:00,76.9078152769683,2.346942462986814,5.2510121353409165,1517.5696055776007,11.539476079271934,0
2026-02-01 04:43:00,75.18640161749671,1.8616284383164743,4.926269796686728,1494.9524636296762,11.024544027403667,0
2026-02-01 04:44:00,75.83332486866152,2.13454238955532,5.041269881347519,1535.239316688764,6.5846607603081795,1
2026-02-01 04:45:00,75.05001908446108,4.844668071973816,4.950695588219515,1499.0882261480174,12.16514828179103,1
2026-02-01 04:46:00,75.66162867604595,1.8604037092020034,5.206726520509056,1517.9142083003514,11.509302813129738,0
2026-02-01 04:47:00,74.80705721750988,1.9786495914781772,5.123658640703483,1491.3500620587529,12.392967254884395,0
2026-02-01 04:48:00,75.84744088292416,1.8272030416219982,5.1002474693974325,1490.3840540714446,13.319671195701671,0
2026-02-01 04:49:00,74.97580513906433,2.0784034089812327,4.6971341250947685,1494.4279544064648,11.724529057659405,0
2026-02-01 04:50:00,77.8253851165073,2.030819272454448,5.216252339041723,1499.1208256973819,12.506879117199611,0
2026-02-01 04:51:00,72.49672247305153,1.7678810697818057,4.935144695029884,1487.8971190729835,11.301311920680517,0
2026-02-01 04:52:00,72.84028439001618,1.892624763570303,4.7144739676176926,1530.6150564882307,12.09216427782149,0
2026-02-01 04:53:00,74.77118475082978,2.444355557947238,5.618868700646738,1556.4036486732343,12.849327584370073,0
2026-02-01 04:54:00,72.29186814419933,1.7190088356224136,4.423938357529227,1493.8064121014859,11.860313133367272,0
2026-02-01 04:55:00,75.00152866150265,2.171249169877008,4.300956225140615,1459.3813283829948,11.506204745132454,0
2026-02-01 04:56:00,76.21017756834216,2.0257351351832753,4.927242265292048,1516.5591461893653,12.376353932630273,0
2026-02-01 04:57:00,75.38287164233522,1.8729926445505136,4.773803908349457,1486.5802175199995,12.130734583058091,0
2026-02-01 04:58:00,73.30633525136597,1.8247205355092575,4.768808075066744,1489.8955898071524,11.232454730146031,0
2026-02-01 04:59:00,77.22852066284257,2.1446040422261072,4.901229979642059,1516.8080624369659,11.72161598914661,0
2026-02-01 05:00:00,92.22068667473842,4.768483354703396,4.940028685840738,1504.0986300887023,10.706459320725703,1
2026-02-01 05:01:00,73.59381224293801,1.7251476548063482,4.669061100305601,1464.0182057555578,11.004546104582193,0
2026-02-01 05:02:00,78.64235215628062,2.248365227089608,5.1876637603064335,1473.9764234005697,12.165109121780125,0
2026-02-01 05:03:00,75.34500825611765,1.6727711196617712,4.411349890743155,1510.9806524709763,11.969193378724645,0
2026-02-01 05:04:00,74.08543871293388,2.0107712556770707,4.840283775227813,1519.6847855135595,11.865076564622926,0
2026-02-01 05:05:00,77.2831588633633,2.13397344525797,5.441093246153727,1521.7878830478928,11.870255840041889,0
2026-02-01 05:06:00,72.12501256395032,4.713295064846932,4.574727405574667,1517.8700914943904,12.0544902011319,1
2026-02-01 05:07:00,74.99161094998914,1.9520036088768467,4.807525131222846,1525.5414574854851,12.305506797994052,0
2026-02-01 05:08:00,100.93037958221296,3.9654656515461872,5.468767402320253,1576.8318059219835,12.455486537720635,1
2026-02-01 05:09:00,74.7894879071673,2.141797747701391,5.270072649133731,1538.2835516536468,12.401711321233245,0
2026-02-01 05:10:00,74.38271181446277,2.1739341294293917,5.232285102361532,1461.9882336732753,12.00989479524797,0
2026-02-01 05:11:00,78.10081526592886,1.956724006317854,5.647055448931372,1552.9254374898878,17.69538000537071,1
2026-02-01 05:12:00,75.86454224783465,1.7053026241429696,5.018101457460476,1482.7506609927516,12.036754094769973,0
2026-02-01 05:13:00,73.58179705037738,1.5625830571010755,4.376138781178,1479.8765047349411,11.021236520788962,0
2026-02-01 05:14:00,75.13493351230365,1.8112452563546098,5.186732557722152,1509.0649698619077,11.61221434628665,0
2026-02-01 05:15:00,73.1197991151903,1.4070527145116862,4.889633170218766,1508.3048865507776,11.940069916352517,0
2026-02-01 05:16:00,75.72432886468215,2.4183437899374107,5.481660315952739,1513.6911452994966,13.064604461185986,0
2026-02-01 05:17:00,76.9893151405645,2.2894074538164917,4.968947763697557,1512.6225271576138,12.725797129438197,0
2026-02-01 05:18:00,93.77699331766175,4.296852150038078,5.583666740853141,1545.7322407702377,12.25354732626925,1
2026-02-01 05:19:00,75.88686973939652,1.863875208192705,5.0519721525613175,1473.8477226658124,11.684672671273505,0
2026-02-01 05:20:00,91.71711384688442,4.645903978188575,5.332894987490125,1495.626599881889,12.195265194111512,1
2026-02-01 05:21:00,78.25749992128134,1.9723261002270047,5.253458452780377,1507.8640011008813,12.12222598051336,0
2026-02-01 05:22:00,73.37087572766539,1.8803938701118346,0.9986373584797117,1542.6431696262014,12.032274290737133,1
2026-02-01 05:23:00,78.75325920924898,1.8675640803475475,5.016174446409468,1537.3796459052744,12.54904969902682,0
2026-02-01 05:24:00,74.15020207752316,1.7675603358883927,5.09187919783201,1470.8173297801804,12.198642410397667,0
2026-02-01 05:25:00,77.36459163199356,2.1394880057410353,5.464942185191712,1528.1393637729323,12.941370146505692,0
2026-02-01 05:26:00,76.00069437683536,1.836276967749047,4.722578392097429,1508.6214903169262,12.091024348937578,0
2026-02-01 05:27:00,68.50428233983723,1.6529871550475046,4.400820581601535,1482.6503783410992,10.773759751016549,0
2026-02-01 05:28:00,77.38813368075027,2.162285265633658,4.9579234434182,1528.829582176213,11.881689268210458,0
2026-02-01 05:29:00,76.25711168923479,2.033419585663156,4.778404150357116,1508.6717440319158,11.613281543344792,0
2026-02-01 05:30:00,78.50311667590977,1.974063127036545,4.435809295725238,1484.1818183876544,11.44480457948653,0
2026-02-01 05:31:00,74.90133092351786,2.124791934265669,4.863124190072517,1523.7541263374692,11.498791226780465,0
2026-02-01 05:32:00,73.80544538357532,1.6944426960310288,4.516951357411284,1469.5363176457658,10.37679842409488,0
2026-02-01 05:33:00,71.97695129987903,1.9212074506285566,4.9310311353062435,1446.6738961597453,12.168682145242087,0
2026-02-01 05:34:00,77.34597264136339,2.1850835726790208,5.343832480575494,1520.9136150907657,12.331279830746299,0
2026-02-01 05:35:00,74.16584106914206,2.26343104861625,4.894229897592676,1495.1710661925763,12.788339060805447,0
2026-02-01 05:36:00,72.23481254023162,1.6613015098350103,4.282907784346127,1466.4337238404262,11.384853477792248,0
2026-02-01 05:37:00,77.96485067807454,1.9844055409685513,5.362345820782131,1511.765595429731,12.236451111494016,0
2026-02-01 05:38:00,76.54401639486731,1.8688743954598959,5.1068920690776665,1524.1688840609804,12.670255885645703,0
2026-02-01 05:39:00,75.94110001315809,2.1306062968467234,5.189697776697006,1525.7955153768332,12.590011115377415,0
2026-02-01 05:40:00,75.75055835732923,2.0929986214870677,5.30884096346291,1495.6249096641814,12.247353037133163,0
2026-02-01 05:41:00,77.82717183123533,2.1406655534874126,5.312327664479434,1556.9400123339426,13.019286944768208,0
2026-02-01 05:42:00,75.19035486849305,2.054162705271212,4.829090540996576,1476.9281801824723,12.67365256756526,0
2026-02-01 05:43:00,73.18884343351056,1.7815638678910983,4.5816960851420285,1444.9055240681498,11.64102943017528,0
2026-02-01 05:44:00,71.90336949778212,2.138949281277238,4.445446966394922,1514.419239627426,11.162411255393707,0
2026-02-01 05:45:00,75.01771674151746,1.7878471339697668,4.753807059393199,1462.266356912448,11.347676917646117,0
2026-02-01 05:46:00,100.29215465495164,4.53935677368327,5.408019334384548,1521.940247906316,11.844525741347043,1
2026-02-01 05:47:00,73.11731508697393,1.9218368433928388,5.152570677206092,1521.7486206875265,11.521084381080827,0
2026-02-01 05:48:00,93.66987985922879,4.434877985248025,5.157359093799809,1492.345150964295,11.985095403536263,1
2026-02-01 05:49:00,72.83337577396722,1.8646671763318352,4.630390199078422,1471.3439627100001,10.869029995982856,0
2026-02-01 05:50:00,78.41384649606084,1.9328131661297736,5.017926478908633,1510.4235110423003,11.968491821335306,0
2026-02-01 05:51:00,74.89491701199441,2.3729106360858623,5.4245334364797415,1497.4045837078738,11.976561544890103,0
2026-02-01 05:52:00,76.83636257632979,1.9301249854259086,5.378618070139819,1532.4548158407433,12.045547437131583,0
2026-02-01 05:53:00,75.54643548640064,1.8155590670077117,5.015885394446804,1521.543746859481,18.360983909737122,1
2026-02-01 05:54:00,77.61894835716836,1.9181151981542457,5.05286845340726,1525.7851465155322,11.307309429746924,0
2026-02-01 05:55:00,74.52807525066852,1.8955029872932039,5.317638216132122,1483.4916558195666,12.610591831474144,0
2026-02-01 05:56:00,74.64726879968666,1.9781927141404765,4.732816637934524,1486.3199597990151,11.386789733874997,0
2026-02-01 05:57:00,74.58084831971168,2.1710616597351753,5.275233293719553,1507.8888900692891,11.986110960967663,0
2026-02-01 05:58:00,75.7696676282839,1.5741173894367817,5.056792828805398,1492.508180053583,11.456036455699051,0
2026-02-01 05:59:00,77.55651808032067,1.9887324992502937,5.110512511141323,1514.629413030151,12.054024151149957,0
2026-02-01 06:00:00,73.10746384830254,1.7098579086674168,4.809472827093466,1506.1389358282026,11.591127485009642,0
2026-02-01 06:01:00,74.7048298108506,2.028255919481393,4.967575952494318,1496.4940048918204,11.795498288777397,0
2026-02-01 06:02:00,72.62019089139936,1.7387082232387725,4.942014395862375,1432.4479631553415,11.472164705576173,0
2026-02-01 06:03:00,74.72026878749583,2.1138964363030963,5.084172723263855,1510.101795654865,12.443547668260166,0
2026-02-01 06:04:00,79.16501832538589,2.31395385074057,5.314665079885632,1519.6166934374446,12.07889368992581,0
2026-02-01 06:05:00,75.14131794284806,1.7824576331128277,5.209118081256726,1526.424561878284,10.706280509824648,0
2026-02-01 06:06:00,75.93459402542027,2.1950175834643426,5.16355555990015,1502.7599706989536,11.925862851854738,0
2026-02-01 06:07:00,78.10460201174783,2.177444811191541,5.737401685830406,1513.2070912182944,12.787761548401518,0
2026-02-01 06:08:00,73.43115145828503,1.928822649601051,4.760017363312076,1476.7785625454871,11.24126708556655,0
2026-02-01 06:09:00,74.22842872813631,1.6465533282462914,4.7663491444274575,1479.4793846914902,11.657335571713068,0
2026-02-01 06:10:00,77.94312750529755,2.0557528341002658,5.440006529140351,1543.5994981551412,13.393832616379179,0
2026-02-01 06:11:00,75.19492072783537,2.0920287302367506,5.564386821274905,1475.6523046664322,12.586993869212423,0
2026-02-01 06:12:00,74.1013742904869,1.7303178057012754,5.049543584004076,1486.632192871899,11.840208768764274,0
2026-02-01 06:13:00,75.79181645698503,1.8365912070569137,5.144566586673687,1514.3442439942608,12.510177768022732,0
2026-02-01 06:14:00,73.00352948383214,1.7284233096705448,4.845458003942235,1472.2883112007207,11.032652507848464,0
2026-02-01 06:15:00,75.57760486046526,1.7251089107754014,1.938134510092766,1472.5270581638213,11.956873636439346,1
2026-02-01 06:16:00,75.41868710757028,2.2147805783490786,4.9503385328065015,1481.2541860732401,12.178876554913,0
2026-02-01 06:17:00,72.28827610295542,1.8943263508307364,4.681851378558987,1474.4677509946775,10.789942637910666,0
2026-02-01 06:18:00,74.38631109173467,2.1149002863544712,5.416155664827423,1482.0783666821208,12.245223778395045,0
2026-02-01 06:19:00,79.9201978905522,2.3670766020445826,5.192920953480555,1511.0791362351306,12.447594584612105,0
2026-02-01 06:20:00,77.45704195279794,1.8972071086041478,4.941712824640112,1564.5998819461329,18.68679936322465,1
2026-02-01 06:21:00,78.01671730959113,2.414831926446376,5.364589317021172,1513.4936225669849,11.91180072745224,0
2026-02-01 06:22:00,77.3155613953279,1.9759792675426124,5.481609458470211,1548.6973065699624,12.149189277634925,0
2026-02-01 06:23:00,74.39730541204665,1.9609591554667267,5.045667820131387,1510.3504861118802,11.917524764810821,0
2026-02-01 06:24:00,72.95917730317436,2.163935459678053,5.169048282383816,1487.6503469207562,12.30222397478315,0
2026-02-01 06:25:00,75.24569612108579,2.208815422493828,5.097062723549036,1489.5618696811816,11.578595651930835,0
2026-02-01 06:26:00,74.55816092306783,2.1397310514173324,5.598262024139899,1556.5088129341846,12.464379076816558,0
2026-02-01 06:27:00,74.19552702486463,1.898908103746518,4.859426659358339,1550.047867241497,12.20535398246726,0
2026-02-01 06:28:00,54.90128007307053,2.0864205801716182,5.3824004001610515,1513.547264307524,13.026952843331737,1
2026-02-01 06:29:00,76.60161694704809,2.1176929380174534,5.170169448843215,1504.5115433777137,11.448858868586774,0
2026-02-01 06:30:00,71.93492791965913,1.7768489902108224,5.1624149925585,1507.0401964024966,11.659751564060993,0
2026-02-01 06:31:00,72.58466613570118,1.4273708862444292,4.263208954918388,1511.682957477058,10.930874891627727,0
2026-02-01 06:32:00,73.56303591011137,1.7544446613728284,5.033888754571981,1510.8185478818634,11.72880676578987,0
2026-02-01 06:33:00,76.71308751839292,2.31829119969388,5.65668554421155,1537.518850137952,12.832624200784382,0
2026-02-01 06:34:00,75.4867519459661,1.9127482569130225,4.974545290071533,1553.3514137242603,12.52998038845635,0
2026-02-01 06:35:00,77.07044914442493,4.921340713898612,5.391026469945755,1492.328751849959,11.94438058940522,1
2026-02-01 06:36:00,73.8334490636471,1.7218874072220087,4.578368636466173,1482.5236529657395,11.988690294316964,0
2026-02-01 06:37:00,76.90428288800366,2.2930919936517355,5.185856567265464,1529.6319082929124,12.486339668986833,0
2026-02-01 06:38:00,75.71256240495548,1.6990498251393356,4.303730735660636,1484.5956345490542,12.010054744273607,0
2026-02-01 06:39:00,73.80885428053591,1.6194599797179459,4.847068310783079,1435.5789597496648,10.99638351840252,0
2026-02-01 06:40:00,71.37302166894695,1.8505073160062309,5.050992622519222,1495.5254165719684,11.519767307943992,0
2026-02-01 06:41:00,76.20489309453725,1.8821508855075224,5.071456193736702,1524.5000790746865,11.714244317831819,0
2026-02-01 06:42:00,72.70460662833985,1.7752376077107144,4.898453716199929,1491.4325463733926,12.143174414098242,0
2026-02-01 06:43:00,74.76343327039386,1.750600376161811,5.153163172181781,1476.352848516655,11.916742832570778,0
2026-02-01 06:44:00,74.73226372178497,2.052195514052558,4.858307629753971,1499.3068632927168,11.86119212176445,0
2026-02-01 06:45:00,75.51250896347598,1.706657780969243,4.762813745847372,1485.5939659041444,12.42271652511003,0
2026-02-01 06:46:00,74.14222702553771,2.044903574818767,4.890591489367165,1487.4572255063088,11.84495719013163,0
2026-02-01 06:47:00,74.47599890423758,2.341243580622309,5.042921134581739,1476.56880122021,12.743608620390745,0
2026-02-01 06:48:00,77.062641100348,2.271464407618398,5.399180613049507,1556.5140557149339,12.664476898202354,0
2026-02-01 06:49:00,77.01228990907286,2.1607871780058963,5.425583824397194,1504.0927171242229,12.25249282624616,0
2026-02-01 06:50:00,74.23891150384533,1.9775361844368204,4.846276005814737,1486.2087641872606,11.368806107019727,0
2026-02-01 06:51:00,75.45255488003663,1.729385348286394,4.554127515325597,1489.1271396857765,11.995995534268808,0
2026-02-01 06:52:00,75.68217669405612,2.1125625946038404,4.944973221529263,1502.733885647081,12.256872505287403,0
2026-02-01 06:53:00,71.98146402660774,1.964218313820279,4.936084057099366,1445.6232700410717,10.858542978164351,0
2026-02-01 06:54:00,71.99871175205126,2.191214257781076,4.747855490340133,1499.6717015252693,11.720135729633967,0
2026-02-01 06:55:00,77.55339117340633,2.369492366846204,4.783943664598722,1478.2060317861087,12.287027565572005,0
2026-02-01 06:56:00,70.62537557285333,2.0976605069903513,4.529614642352566,1491.6785209944405,11.199292167331604,0
2026-02-01 06:57:00,77.36558321233892,2.0529100814847148,4.667292668495843,1509.2624445004533,12.023029082896851,0
2026-02-01 06:58:00,76.03084090855528,2.4107067163078417,5.295236159179159,1497.7129404666643,12.757333546767832,0
2026-02-01 06:59:00,72.67158692046071,1.9618963336263093,4.826461498111311,1482.8434038371622,12.062407932585337,0
2026-02-01 07:00:00,74.23671949364713,1.9608119036245928,4.997174462580531,1493.3820090209288,11.853402893555273,0
2026-02-01 07:01:00,71.71862565956737,1.9829229673293436,5.075799427411914,1481.263212440248,4.394170198215135,1
2026-02-01 07:02:00,76.09983892615695,2.217398646477539,5.2605220466070834,1517.8062715946576,12.5802224425076,0
2026-02-01 07:03:00,74.94151927845282,2.0319906706572124,4.719938315250262,1528.0899804398846,12.275201590757167,0
2026-02-01 07:04:00,78.04655665986621,2.5884121509666276,5.42081701003623,1506.6232830658382,12.538644636398747,0
2026-02-01 07:05:00,72.85077445908158,2.2932394655826256,4.987818228830955,1480.7978485264557,11.674111194032282,0
2026-02-01 07:06:00,74.90234160057447,1.9286622233235908,4.717511856703665,1494.830799197844,12.444673496661933,0
2026-02-01 07:07:00,76.16505430385207,2.3140188049229486,5.394692273137422,1517.376814179534,12.099798620512386,0
2026-02-01 07:08:00,72.3422833765515,1.7130179104472623,4.54394836016417,1440.2116066596968,10.379949323721362,0
2026-02-01 07:09:00,77.09192344804403,2.1024199903772525,5.214816974146252,1505.619104895433,12.367541776580405,0
2026-02-01 07:10:00,91.3514662310789,4.7567672785999715,5.275664651884498,1498.9002361302557,12.156067830312447,1
2026-02-01 07:11:00,74.96297913445977,1.9799033981885463,5.062570207011255,1463.9306026125432,12.168482290529056,0
2026-02-01 07:12:00,76.96459195304102,2.245403738610588,5.22928192111765,1525.2451404359902,12.511197484472028,0
2026-02-01 07:13:00,73.25213036063369,1.7086902181956778,4.6697900854552685,1470.3928817180179,12.188127104364854,0
2026-02-01 07:14:00,75.2110249987916,2.2279523963073875,4.8254675385618455,1517.8343618559948,12.24768245868154,0
2026-02-01 07:15:00,74.6214521942117,1.8483812260854986,4.636452939329294,1874.235662727692,11.673214240564484,1
2026-02-01 07:16:00,75.85509959138041,2.100511777686492,5.170474772677794,1489.195704418768,11.862354851813414,0
2026-02-01 07:17:00,75.4397847369216,1.977267783107247,4.962800663633422,1486.2439666241687,11.789289431896965,0
2026-02-01 07:18:00,80.22717802897203,2.4009115227036455,5.0119957632533785,1527.1193554145473,12.044409678283351,0
2026-02-01 07:19:00,74.00665981596372,1.8429087329990619,4.349235638061969,1439.6976430196291,11.78538447830246,0
2026-02-01 07:20:00,74.8409095448238,2.172071640928444,4.781032940505009,1502.1678135359903,12.244665523026804,0
2026-02-01 07:21:00,73.85854207179977,2.1196938669101515,5.375572509936056,1490.3197735244833,12.763519878252392,0
2026-02-01 07:22:00,74.75054673738393,2.118658490324232,4.894644129885581,1477.0879303642485,11.181885133484885,0
2026-02-01 07:23:00,71.32958122714892,1.7922891701977464,5.177863965450549,1470.564565222634,11.755194033059512,0
2026-02-01 07:24:00,74.42319669737083,1.9170935981706179,4.995488204874664,1454.3723761851377,11.722555543927315,0
2026-02-01 07:25:00,78.45152761710732,2.008825226444981,5.023112574821938,1524.8522450847859,12.288237860551089,0
2026-02-01 07:26:00,69.56541589022513,1.6058738056800366,4.498417297440529,1470.0746950374726,10.563780951492113,0
2026-02-01 07:27:00,77.25140193997194,2.0623705944772395,5.712902269919947,1547.8634159054338,12.98903103573679,0
2026-02-01 07:28:00,77.09832322113118,2.047664830884926,5.419158722597442,1528.2313009881113,12.598136658383623,0
2026-02-01 07:29:00,76.80226477622014,1.9237442722060871,4.969470655890613,1513.1740748420746,12.294609876917677,0
2026-02-01 07:30:00,71.94948082204625,2.029412519348186,4.777174682214997,1506.7768345883476,12.130149867209957,0
2026-02-01 07:31:00,73.35199209165387,2.0459166183476425,5.0420182932400515,1503.3463240978065,11.864996794668746,0
2026-02-01 07:32:00,72.02204615970614,1.6938813744994552,4.704007973105163,1461.902615907191,10.736731381861407,0
2026-02-01 07:33:00,72.0925055742736,1.841756464450777,4.913226374701192,1484.4117528726783,11.638531781890759,0
2026-02-01 07:34:00,74.06267215849083,1.869319510699857,4.906904944511239,1472.9535264842855,11.774593737371884,0
2026-02-01 07:35:00,74.80383901255574,2.0227060326736614,4.951192758998031,1506.7715659220617,12.718754291663044,0
2026-02-01 07:36:00,75.65439847492482,2.0240688230718815,4.7554755360623195,1475.1089719044235,11.863139662992568,0
2026-02-01 07:37:00,73.45378079431623,1.8895857517394141,4.886715853930474,1481.0550457352158,12.182588161058376,0
2026-02-01 07:38:00,72.82877089414518,2.012031756518699,4.926596173741181,1527.306063212084,12.944359847361124,0
2026-02-01 07:39:00,76.78413884150774,2.226970537001959,5.23188031214305,1535.338598607109,11.98325942294229,0
2026-02-01 07:40:00,74.29061779355031,2.048169593929768,4.816298523539546,1530.2536883524485,11.777843170840562,0
2026-02-01 07:41:00,76.86944701342854,2.1955365672437748,5.122544532758401,1536.462440573739,12.170355115840922,0
2026-02-01 07:42:00,75.57004772583804,2.1679859117134384,4.7987377306309895,1496.6893165903803,11.895150271748351,0
2026-02-01 07:43:00,77.29003842352223,2.3034637504100735,5.025777104365384,1515.2004537616865,12.650672660946183,0
2026-02-01 07:44:00,76.15433165377316,2.1675314222138833,5.429181084991332,1518.9085689005074,13.06718636535099,0
2026-02-01 07:45:00,75.99327756553726,1.8652707091717844,5.084896496784193,1541.1124631155772,12.053618456896338,0
2026-02-01 07:46:00,75.2096288709812,2.050801823054267,5.166040214164439,1514.8624006026587,12.079138656644894,0
2026-02-01 07:47:00,76.41644063836048,2.2197003153437165,4.97875620746854,1507.6144419895368,11.972139139713027,0
2026-02-01 07:48:00,73.10577855975284,1.8879876884651012,4.665813618417808,1479.6240397545537,11.166697840719783,0
2026-02-01 07:49:00,77.48299082348947,2.1207813342593442,5.376555661253247,1482.9036590667174,12.337543960133159,0
2026-02-01 07:50:00,76.30191525433604,2.3120850581524928,4.967736803355906,1506.7319238858893,11.739807508159235,0
2026-02-01 07:51:00,74.99833954915799,1.6536320303578216,4.928210260013763,1479.4959504577328,11.845901051071591,0
2026-02-01 07:52:00,78.09409394039143,2.2080264699104983,5.3542716955396115,1547.0252310189694,12.332287057006564,0
2026-02-01 07:53:00,74.96580337362631,1.8542134518450017,7.841136394878679,1447.0764974079532,12.109045679034269,1
2026-02-01 07:54:00,95.08351682558835,3.9305763876804,5.647195405013517,1514.0471308386768,11.917814054294638,1
2026-02-01 07:55:00,73.79568880296118,1.8794470856035264,5.382560780072836,1453.044297312169,11.826638552137878,0
2026-02-01 07:56:00,74.7470807384424,2.0133753016519735,5.376012798748921,1471.1171086074999,12.014358745617152,0
2026-02-01 07:57:00,69.40109461971993,1.8575297505360673,4.722416565898884,1452.4110247818512,11.395363583721293,0
2026-02-01 07:58:00,72.89656433757249,1.9343172321798294,5.135023142469889,1510.2653136248914,11.377564698849369,0
2026-02-01 07:59:00,74.13055482894589,1.8057873845464538,4.63627242160778,1505.0063914108857,11.792694282672304,0
2026-02-01 08:00:00,79.10427869018362,0.14718922347694274,5.145535257172125,1521.885632718238,12.098859453867814,1
2026-02-01 08:01:00,72.243786596464,1.5868339171599162,4.664122648328576,1450.3377132266237,12.113463953648619,0
2026-02-01 08:02:00,70.96480685895874,1.734117092897299,4.422784788915044,1464.3426216234075,11.25358698333237,0
2026-02-01 08:03:00,91.65890801344074,4.223309987942038,4.795715505409631,1504.156367309505,11.24258934867385,1
2026-02-01 08:04:00,71.24320379568208,1.7897293693193865,4.547383904038731,1460.027714849849,11.536110712856399,0
2026-02-01 08:05:00,74.1133305929823,1.9495089537187547,5.296525526012119,1498.5256147630528,11.783829095937973,0
2026-02-01 08:06:00,76.11758310938171,2.057394320029935,5.1252060255130045,1543.131097811796,12.531359474467072,0
2026-02-01 08:07:00,77.26686896335642,2.0454268287466535,5.442162905887117,1539.3234339849032,12.306802013075513,0
2026-02-01 08:08:00,73.15952780144312,1.6905162600358892,5.088764160544462,1470.6349174397733,11.427087632745286,0
2026-02-01 08:09:00,73.389803824725,1.6751850427703932,4.501829330902112,1478.8236102400033,11.540955693970682,0
2026-02-01 08:10:00,76.05811336655613,1.9273451047198429,5.0505802486452,1488.6270293161786,13.008052368153574,0
2026-02-01 08:11:00,97.80089614143495,5.032627759995133,5.00581092914735,1529.3682265056766,13.090375934611478,1
2026-02-01 08:12:00,71.1978093438964,2.0007632437494487,4.753632773453067,1465.267133953512,11.416490253300818,0
2026-02-01 08:13:00,76.57164671991008,2.3898123238868023,5.4593620235586835,1555.4150436699972,13.12248622069324,0
2026-02-01 08:14:00,72.21475459132908,1.733533131010927,5.009882531496524,1488.8098393765629,11.486393302244288,0
2026-02-01 08:15:00,73.21980484788422,1.7152167550256587,5.309757286893779,1469.4662307998922,11.700667865483718,0
2026-02-01 08:16:00,75.17218401737505,2.2881383845586623,5.566348759767284,1536.0080273278422,13.03098077427946,0
2026-02-01 08:17:00,72.80362572068778,1.8030026002537063,4.587212014114535,1445.987997485768,11.163006291058858,0
2026-02-01 08:18:00,78.32478055073217,1.9536855232418335,4.897135590915545,1507.8831277639424,12.562626955541857,0
2026-02-01 08:19:00,75.67156629321522,2.056462583063152,5.308964326986128,1515.8336952661286,10.94034072659712,0
2026-02-01 08:20:00,92.85357286270313,3.536432547074101,4.737568815410836,1495.6322770343995,11.598097235206243,1
2026-02-01 08:21:00,74.98725124287834,2.044718685575714,5.097997590933659,1486.6748462242124,12.135414770521809,0
2026-02-01 08:22:00,74.1837662607437,2.0483164600694277,4.904096252779484,1483.7557605968227,12.00605375713881,0
2026-02-01 08:23:00,72.5006315395973,1.8897276948196962,5.094081111669626,1480.763916720603,11.915623919158625,0
2026-02-01 08:24:00,74.09207018927157,2.0579742022936407,4.954465409957601,1502.561391480622,12.426310961694712,0
2026-02-01 08:25:00,75.18584284824551,2.3862267152987275,4.733894202747742,1534.5786565699968,12.354391578278605,0
2026-02-01 08:26:00,73.52138928867953,1.6144796066236313,4.806165343777096,1500.68040701989,11.23277622867114,0
2026-02-01 08:27:00,73.88907214797557,1.9819999641215131,4.557595117330138,1493.7154821516087,11.39237429899555,0
2026-02-01 08:28:00,74.2067932493188,1.973801583025092,4.689923093332225,1493.8439736236587,11.718792861627811,0
2026-02-01 08:29:00,75.70037567550035,2.2308266222929043,5.5656553563140925,1534.0647427273934,11.641446482927117,0
2026-02-01 08:30:00,90.64724273747657,3.9239731323461893,5.043206625093223,1451.2330366436458,11.742623581149164,1
2026-02-01 08:31:00,74.86276493784247,1.8924214484527189,5.018227283091057,1501.6564322231147,11.913234717208953,0
2026-02-01 08:32:00,75.99902337585524,1.846023249089746,5.04650465242833,1484.1039534605645,12.913651722942319,0
2026-02-01 08:33:00,72.81583627716948,1.9978734702126029,5.188167628132519,1483.1626379525862,11.15164076593158,0
2026-02-01 08:34:00,71.65560570619006,1.723040010887715,4.427840199752022,1472.753532896114,11.145423003054328,0
2026-02-01 08:35:00,76.47282859787424,2.215772543552199,5.098795195861393,1519.7833342883296,12.481454168451883,0
2026-02-01 08:36:00,71.64995955578327,1.6729304415716153,4.943890116241861,1498.2578686677289,10.673540785125205,0
2026-02-01 08:37:00,78.41787382926576,2.2632053954030527,5.556124812172666,1533.3968471260002,12.184193078094289,0
2026-02-01 08:38:00,75.49521368682409,2.211388384354349,5.436164793847708,1514.6811969399496,12.321286719733779,0
2026-02-01 08:39:00,74.98195380145285,1.9790037717814701,5.553419624060483,1505.9489417773998,11.283477003380941,0
2026-02-01 08:40:00,74.13684179492128,1.6707516884728466,4.702514408566602,1519.7167142824333,11.258111650624269,0
2026-02-01 08:41:00,75.18361399125043,1.9330645334952574,4.54741878361534,1504.4995445326258,12.049162967034952,0
2026-02-01 08:42:00,73.70589042695646,1.7731663186515343,5.091869855840008,1488.7702897837598,11.884153698189174,0
2026-02-01 08:43:00,73.72398485515407,1.6715392166886507,4.789027394485773,1562.8778960444313,11.834668930825766,0
2026-02-01 08:44:00,93.66314318544656,3.8998005515439926,4.555212257459939,1500.4877454172372,12.819542550685524,1
2026-02-01 08:45:00,75.10094082706539,2.0909876304687622,4.949822739207534,1489.29273331136,12.287201383509458,0
2026-02-01 08:46:00,75.6958979162211,2.0319679676778315,5.098444703763874,1459.7245523676352,11.317280870890736,0
2026-02-01 08:47:00,72.52774218161039,2.2291057320235748,4.959765214311417,1503.5468572424318,11.837900726205365,0
2026-02-01 08:48:00,95.77356195679775,3.330811316947091,4.676539961806189,1454.157063698041,11.420885794411939,1
2026-02-01 08:49:00,78.08213081382948,2.216995164640469,5.18309194412952,1549.2293723065104,12.250906730147825,0
2026-02-01 08:50:00,75.8309952905278,2.2105768805327157,5.399501673968462,1506.5168969669674,12.01132017273233,0
2026-02-01 08:51:00,74.96437616162669,1.9691073813700946,4.629097053719619,1518.3019109789675,11.62973205417042,0
2026-02-01 08:52:00,73.52184012846523,1.7244162472879132,4.565141180482735,1469.4880452679909,11.494228944463385,0
2026-02-01 08:53:00,76.29985364033652,2.064085885330302,5.09331242533572,1475.8021463373,11.837373573853526,0
2026-02-01 08:54:00,78.2033291723537,2.118889255617192,5.402071555925525,1499.1700235780509,12.419443629859039,0
2026-02-01 08:55:00,76.93643547631876,2.204071142029014,5.4864058445300605,1527.959287662703,11.815654131898928,0
2026-02-01 08:56:00,74.05406567874502,1.7183014619750305,5.155113492785826,1500.293788789364,12.133453378809948,0
2026-02-01 08:57:00,73.64354951214519,2.0570634163377317,4.60244030594413,1507.5276836487296,11.832349416240506,0
2026-02-01 08:58:00,77.66789092202666,2.2615797590931463,5.203755178210223,1508.564726278476,12.809199361411515,0
2026-02-01 08:59:00,76.80361223950358,4.546666361525405,5.212075812219971,1534.6712890164642,12.308867184388394,1
2026-02-01 09:00:00,78.37952370888601,2.162672566427021,5.213916735004827,1522.5742206771804,11.927417063933397,0
2026-02-01 09:01:00,76.01447002989114,2.376546251459987,4.775893928602583,1568.5260747588898,11.918006760155006,0
2026-02-01 09:02:00,74.3608881478817,1.980705153438396,4.7737158232327355,1497.472593057059,12.294217558922272,0
2026-02-01 09:03:00,72.7302329444306,1.9906390515426757,5.548709361413287,1491.5798330506573,11.915674958465802,0
2026-02-01 09:04:00,72.14565399395377,2.1755503026302234,5.071847507315706,1503.7678541022474,11.458433622308796,0
2026-02-01 09:05:00,79.38047325710072,2.2961578476402305,5.020249382857133,1537.4777609467037,12.755958151736289,0
2026-02-01 09:06:00,76.90090276599898,2.331374547271199,5.120729481715813,1523.4524748985486,11.656620300721322,0
2026-02-01 09:07:00,73.61477478487286,1.841484515156853,4.665383927631627,1461.8927866041502,11.28992574721083,0
2026-02-01 09:08:00,76.70232298148164,2.2558804996067217,5.318165608886849,1510.550101174625,12.48749635613957,0
2026-02-01 09:09:00,71.36070807226237,1.8555979801030176,4.881726983101467,1485.7922685333715,10.597618897151493,0
2026-02-01 09:10:00,70.44031818169591,1.659569310892729,4.354916995017809,1464.4418854729133,10.567778541252057,0
2026-02-01 09:11:00,74.13552806989748,1.6007384673864484,4.754004772510448,1466.3059438616492,11.37019699463641,0
2026-02-01 09:12:00,72.10783162417631,1.7872472197065141,4.588622201652095,1496.410379232907,11.017988980266644,0
2026-02-01 09:13:00,74.93097014671835,1.8713525664581636,4.712255236729292,1469.0652191218694,11.588822153088506,0
2026-02-01 09:14:00,73.87309398923368,2.1428416146275633,4.956935099742853,1488.039485426403,12.029221870404585,0
2026-02-01 09:15:00,75.51380620646366,2.1722247121786933,5.0776913927532075,1513.6212115740507,11.856977667508344,0
2026-02-01 09:16:00,72.32813885213785,1.587540167488831,4.5900713812033125,1440.4839624050571,11.127237688242005,0
2026-02-01 09:17:00,73.87733905568827,1.8344992182456954,4.873422297623589,1532.0215255787648,12.050378292529173,0
2026-02-01 09:18:00,75.37132415630694,1.9364317908697968,4.849674378302785,1492.9571204956203,11.782135528956083,0
2026-02-01 09:19:00,75.00653769890656,2.11521182473102,4.805229051735616,1480.2219502245368,11.892636289670055,0
2026-02-01 09:20:00,74.93185676677639,2.0602218518833224,4.821365656218062,1499.474508518976,11.845031593958343,0
2026-02-01 09:21:00,75.69951854026804,2.160417828035818,5.225701721122659,1477.0725627028205,12.06707242966773,0
2026-02-01 09:22:00,75.1226213432414,2.1311627673577327,5.248457644283026,1511.4218213034615,12.291984475117122,0
2026-02-01 09:23:00,74.49919438692855,2.0945177827043704,5.109591399424112,1524.1023792174378,12.234054465566905,0
2026-02-01 09:24:00,73.68765515563315,2.188761409175842,4.389550450806857,1453.7942778346603,12.129612473879275,0
2026-02-01 09:25:00,75.72389823277118,1.6251776167034082,4.5435604839029375,1465.7264432424342,11.731481071679788,0
2026-02-01 09:26:00,77.31573848526958,2.2034722124019575,5.04610487686136,1464.5292118502434,12.67587312077664,0
2026-02-01 09:27:00,78.15630459255327,1.9364927986534954,4.953519659816844,1479.410454434344,12.329862553550141,0
2026-02-01 09:28:00,76.25132212352194,1.826589646505435,5.158852353532582,1506.4444508733636,12.369811066211296,0
2026-02-01 09:29:00,72.01812622418697,2.0955461510427575,5.250890912291463,1495.6930719070117,12.626100808217789,0
2026-02-01 09:30:00,75.73114657062737,2.0239103498547855,5.380017623183799,1451.9259084894811,11.386711191554404,0
2026-02-01 09:31:00,75.04026886118304,1.7449024942705478,4.783776764141437,1464.6083547808437,11.88405371045062,0
2026-02-01 09:32:00,74.09721644533253,1.5628160930949517,5.104386243758509,1492.3321622997737,11.830887529811301,0
2026-02-01 09:33:00,74.1068797336449,1.785501461318827,4.458960787028634,1465.8974324991975,11.42518608706803,0
2026-02-01 09:34:00,76.63028595050191,1.9422291886804497,5.054041704385085,1525.3398470503362,12.185866646052027,0
2026-02-01 09:35:00,76.25747209394328,2.251071278995393,5.317673429798386,1529.0259643390827,11.677121961960399,0
2026-02-01 09:36:00,96.2081805873548,4.594822120634496,4.818902851265992,1486.9236031348491,12.578092956597326,1
2026-02-01 09:37:00,74.38466365511607,2.2720285884655236,4.681373437283398,1501.825140129246,11.675088506076408,0
2026-02-01 09:38:00,76.52363663538351,2.171926461234007,5.355434410859605,1518.188348089863,12.818546869514893,0
2026-02-01 09:39:00,74.43738765957373,1.8750869248972728,4.769698546374008,1698.995586565719,11.476319388005747,1
2026-02-01 09:40:00,74.47645402325651,1.841781864897765,4.889950454475214,1470.698589419224,11.84047723569665,0
2026-02-01 09:41:00,72.86033913409764,1.856854630638032,4.591830378832445,1465.2285335284175,11.600195045942499,0
2026-02-01 09:42:00,72.12504255537475,-0.35059988490960525,4.742479049504824,1474.844459745564,12.062682996365742,1
2026-02-01 09:43:00,73.40616439231466,1.8612716227149124,4.577981367591419,1503.13710671309,11.426505206458762,0
2026-02-01 09:44:00,74.30781533334094,1.8922795045203502,5.0738918533166055,1469.6857488665325,12.060030028163425,0
2026-02-01 09:45:00,74.83554693078894,1.8003088726266872,4.772592336925687,1441.5509114152842,11.533903116647734,0
2026-02-01 09:46:00,78.8509857293145,2.247955161367092,5.7320748261368335,1543.5646177144743,12.858553605386144,0
2026-02-01 09:47:00,75.54703208243905,2.088910406624494,5.493852832492538,1513.3263470284687,12.357438616371502,0
2026-02-01 09:48:00,78.96304734050031,2.2003661674052117,5.318933175080242,1510.0591924215566,13.469169994599167,0
2026-02-01 09:49:00,95.3187206074102,4.72642601441734,4.715068543377865,1467.3226208215995,11.81216630276314,1
2026-02-01 09:50:00,76.0113333049672,1.798978075751211,5.112552817298125,1497.9426170407091,11.15424458050916,0
2026-02-01 09:51:00,73.88168601313464,1.6214277110957358,2.341442542414177,1485.0666103384942,11.67908683545073,1
2026-02-01 09:52:00,75.08862267662644,2.112424279190451,4.731897907523426,1514.4180822496203,11.95160368394479,0
2026-02-01 09:53:00,98.05846001905473,4.765259610110496,5.438345410291642,1547.5959133335414,12.90845615004331,1
2026-02-01 09:54:00,75.45217648630434,2.101345912341644,5.303280722792989,1509.6592117988214,11.87717486246582,0
2026-02-01 09:55:00,76.36605189581788,1.7481578094787342,5.456914175959826,1479.0251691602284,11.919059796895667,0
2026-02-01 09:56:00,76.88803169881879,2.2259688229913643,5.300777132639468,1546.948437343954,12.761583686304668,0
2026-02-01 09:57:00,76.87395245833949,1.9065169246121327,4.70800584283429,1495.2783264044783,11.594776008887955,0
2026-02-01 09:58:00,75.1892802998027,2.180972489064918,5.197401345352236,1485.3230276884858,11.620121798872697,0
2026-02-01 09:59:00,73.60888073833397,1.5523927053729738,4.226309038385387,1449.114320716376,11.240425321016827,0
